Model,RMSE,MAE,R2
Linear Regression,16.360195714510542,13.309056108540378,0.6971035409041946
Random Forest,17.90243905129575,13.88760450690998,0.6373049615909707
XGBoost,16.48307899034691,12.842809915378918,0.6925362734938482
